ProductID,Category,Brand,CostPrice,SellingPrice,Weight,SupplierID
P991759,Toys,IKEA,337.28,511.96,28.38,S1618
P271466,Home & Garden,AmazonBasics,435.84,807.35,6.39,S7648
P869706,Clothing,AmazonBasics,273.39,420.14,28.57,S9012
P433474,Electronics,AmazonBasics,353.25,653.31,20.42,S9208
P827175,Sports,Adidas,67.46,82.86,48.05,S856
P481365,Sports,Nike,482.19,674.84,,S17020
P106129,Clothing,Sony,178.03,257.26,9.37,S7071
P395936,Clothing,-,405.87,689.74,,S7913
P615683,Home & Garden,Samsung,358.0,One Hundred,43.06,S16138
P32884,Electronics,Sony,176.46,332.79,31.56,S18810
P320578,Toys,Adidas📱💻,134.85,269.29,18.68,S2585
P847121,Clothing,Unknown,329.15,637.88,46.19,S9563
P604328,Home & Garden,Samsung,297.43,499.04,33.77,S8745
P583324,Sports,Sony,265.82,406.44,24.72,S18873
P625803,Clothing,Unknown,151.11,249.05,27.83,S18277
P308154,Sports,Nike,345.85,574.05,-,S3192
P930283,Toys,AmazonBasics,68.24,100.45,42.33,S5014
P364705,Sports,Adidas,5.1,6.32,19.84,S11236
P697126,Toys,IKEA,76.95,117.95,15.79,S8346
P940341,Books,Nike,163.65,288.91,0.4,S13814
P409880,Toys,Samsung,378.05,551.6,28.98,S8649
P58958,Home & Garden,Sony,247.87,400.05,14.26,S3022
P994326,Books,Samsung📱💻,376.21,592.63,44.48,S2545
P137913,Electronics,AmazonBasics,433.17,536.24,36.78,S17437
P310776,Home & Garden,Nike,15.93,21.67,3.6,S830
P480673,Home & Garden,Unknown,264.41,330.89,20.5,S2359
P807611,Home & Garden,Adidas,457.45,906.62,42.07,S18284
P438013,Books,Unknown,288.34,388.94,8.24,S13737
P138599,Sports,<b>IKEA</b>,467.16,922.15,8.59,S11847
P32201,Electronics,IKEA,423.95,574.21,10.5,S14035
P753359,Electronics,Unknown,216.13,412.51,7.56,S19155
P909452,Electronics,Adidas,475.33,631.19,38.19,S19854
P646376,Clothing,AmazonBasics,246.79,338.14,5.16,S14074
P832661,Toys,Adidas,225.16,318.82,3.03,S16687
P61981,Toys,Adidas,277.42,411.16,21.99,S5701
P597628,Sports,Nike,223.39,323.84,41.97,S5308
P638698,Books,Samsung,94.07,145.08,13.51,S4133
P976915,Books,IKEA,412.81,497.87,-,S1615
P263878,Sports,N/A,60.81,119.49,32.06,S12446
P213924,Sports,Adidas,54.53,67.61,35.39,S3786
P211628,Sports,Unknown,458.54,758.29,17.78,S16624
P313607,Toys,Nike,462.18,675.74,37.89,S15336
P788093,Electronics,Sony,53.53,77.31,19.25,S13374
P385399,Home & Garden,Samsung,164.54,219.44,38.39,S7647
P636392,Clothing,Sony,88.41,146.22,46.18,S3649
P985818,Home & Garden,Sony,306.99,435.64,17.2,S3239
P588505,Books,Adidas,154.9,265.5,23.31,S16207
P392338,Toys,Unknown,39.93,63.73,47.15,S1626
P778527,Electronics,IKEA,403.46,515.21,3.91,S17081
P830592,Clothing,Unknown,110.51,217.31,25.41,S1436
P329317,Sports,Adidas,94.14,129.81,13.44,S7449
P192988,Toys,Samsung,229.59,One Hundred,10.98,S2485
P610004,Toys,IKEA,29.86,50.88,5.79,S2596
P683040,Toys,,85.64,163.37,28.68,S8973
P672825,Toys,Nike,249.45,456.34,30.61,S3476
P874739,Books,Sony,192.65,329.57,46.73,S13634
P595672,Sports,IKEA,113.42,197.27,14.11,S14443
P532261,Sports,Nike,120.12,162.48,37.36,S14868
P961298,Electronics,Nike,5.94,9.34,32.2,S16038
P835367,Toys,Sony,293.4,394.66,24.15,S4312
P939129,Electronics,Sony,364.52,508.76,7.84,S17760
P450712,Toys,Nike,255.93,462.99,49.39,S4111
P184007,Home & Garden,N/A,43.22,63.95,11.12,S17470
P80206,Home & Garden,Samsung,28.59,48.01,23.27,S7489
P21110,Home & Garden,Unknown,402.11,530.3,22.08,S6447
P214046,Clothing,Unknown,473.42,588.16,12.71,S19862
P784448,Clothing,Nike,257.88,329.81,21.41,S12269
P898516,Clothing,Adidas,52.88,64.73,20.74,S9862
P510185,Clothing,Adidas,362.72,704.27,48.96,S1684
P638580,Sports,Sony,138.22,199.65,NULL,S11572
P84290,Sports,Sony,296.23,563.88,1.35,S1911
P442593,Clothing,IKEA,33.58,61.77,15.33,S16576
P136281,Clothing,Samsung,377.77,518.19,23.72,S11838
P175042,Home & Garden,AmazonBasics,442.89,716.09,38.63,S2642
P756243,Home & Garden,Nike,400.43,482.21,15.52,S10947
P99915,Home & Garden,Samsung,496.98,806.07,27.59,S2860
P264282,Clothing,Sony,93.48,157.78,8.23,S18990
P294671,Home & Garden,IKEA,112.05,183.44,1.65,S5129
P816724,Home & Garden,Unknown,445.93,833.14,32.75,S15388
P444069,Books,IKEA,95.81,120.57,26.69,S1984
P401637,Electronics,Adidas,460.14,575.68,5.71,S5307
P537540,Sports,AmazonBasics,261.92,480.35,6.41,S9634
P622041,Toys,Unknown,347.84,518.8,0.5,S17557
P886875,Books,Unknown,10.87,20.06,40.02,S6173
P145036,Electronics,Adidas,27.91,48.61,49.02,S13154
P343871,Toys,Nike,270.04,370.25,47.38,S1634
P270849,Toys,Unknown,396.4,493.29,47.96,S9702
P606190,Toys,Unknown,255.65,425.61,18.01,S1073
P468681,Books,Sony,76.67,138.12,46.13,S19237
P373578,Home & Garden,Nike,225.71,373.78,5.1,S19002
P638095,Toys,Samsung,362.7,494.57,32.43,S9902
P83411,Clothing,NULL,468.95,719.53,-,S2259
P972206,Toys,IKEA,129.94,221.66,23.36,S7158
P599136,Books,Samsung,5.03,8.47,37.44,S9329
P161986,Books,Samsung,33.4,51.06,5.62,S12300
P992295,Books,Unknown,422.64,680.28,18.47,S6300
P946041,Clothing,Unknown,450.41,744.34,17.98,S10125
P806631,Toys,Unknown,421.86,809.4,26.9,S14398
P931523,Books,Nike,210.76,356.78,12.45,S6085
P246695,Clothing,AmazonBasics,345.75,462.85,44.56,S3514
P422726,Home & Garden,Unknown,182.54,363.09,24.89,S2651
P392435,Books,IKEA,172.81,232.48,8.0,S6631
P861189,Books,Adidas,453.88,573.78,19.39,S10403
P573443,Clothing,IKEA,371.67,618.56,6.89,S1857
P858652,Electronics,Adidas,247.01,297.14,45.62,S17315
P192994,Toys,Sony,135.01,187.16,39.99,S1508
P86816,Toys,Nike,416.16,570.81,25.87,S18397
P339740,Toys,IKEA,21.24,37.02,20.56,S12392
P228391,Books,Adidas,469.71,640.64,16.28,S12800
P194255,Home & Garden,Unknown,313.39,436.26,7.27,S1026
P19901,Books,IKEA,337.35,526.83,NULL,S5784
P364055,Home & Garden,AmazonBasics,286.11,538.35,29.4,S13157
P611020,Books,Samsung,234.99,289.6,25.11,S8018
P547663,Electronics,Samsung,394.84,619.44,45.44,S5664
P660115,Books,AmazonBasics,122.86,157.76,23.53,S6270
P23013,Home & Garden,Unknown,243.1,347.36,NULL,S2447
P726756,Books,Samsung,299.03,431.05,8.12,S14468
P987256,Toys,Sony,343.81,668.39,19.79,S17593
P241868,Sports,IKEA,260.47,477.52,14.93,S12945
P84579,Home & Garden,Samsung,62.77,84.04,33.85,S19210
P20263,Clothing,Samsung,242.37,307.5,0.89,S6757
P94614,Sports,Sony,206.4,350.0,47.58,S7830
P225300,Clothing,Samsung,270.8,361.11,32.16,S14162
P314587,Clothing,IKEA,304.58,558.75,40.77,S10836
P753973,Books,AmazonBasics,369.05,726.34,39.7,S6946
P226801,Books,IKEA,175.39,328.69,44.11,S11822
P596449,Toys,AmazonBasics,172.44,328.15,12.18,S495
P525285,Clothing,IKEA,148.94,260.54,42.71,S16856
P962602,Home & Garden,AmazonBasics,315.36,491.48,16.51,S13666
P142405,Books,AmazonBasics,451.21,659.16,33.13,S753
P821574,Toys,Adidas,25.38,47.36,48.84,S11198
P708574,Home & Garden,IKEA,210.91,262.45,35.45,S12451
P920607,Clothing,Adidas,159.78,245.94,34.61,S2614
P226656,Books,Unknown,223.47,399.58,3.48,S16397
P352417,Electronics,AmazonBasics,165.62,219.5,19.39,S13875
P762810,Toys,Sony,140.89,270.27,32.75,S16065
P355267,Home & Garden,<b>Unknown</b>,372.5,706.42,6.44,S17138
P539254,Books,AmazonBasics,359.56,497.41,47.03,S246
P743714,Electronics,IKEA,201.84,273.77,20.83,S15653
P725384,Home & Garden,Sony,432.89,656.9,16.6,S7735
P996091,Electronics,Samsung,286.1,505.16,9.16,S9763
P834552,Sports,Nike,5.1,6.2,38.82,S16657
P711345,Clothing,Unknown,413.77,723.1,27.56,S4989
P511746,Home & Garden,Samsung,406.44,730.6,34.16,S6131
P76529,Home & Garden,Samsung,122.21,166.73,43.97,S3312
P535514,Toys,Sony,63.35,95.78,0.13,S16194
P108065,Toys,IKEA,10.04,13.46,39.85,S10315
P56599,Sports,Samsung,304.5,508.97,17.17,S6637
P756437,Clothing,Unknown,398.86,724.86,28.99,S19653
P54861,Sports,Nike,437.97,856.23,9.52,S7942
P962346,Sports,IKEA,203.31,265.08,31.32,S1864
P98338,Home & Garden,Unknown,388.17,715.62,31.46,S1314
P141767,Books,Samsung,132.41,251.19,31.42,S11935
P689048,Clothing,Samsung,296.89,391.21,37.42,S7623
P14521,Books,Sony,261.18,480.53,4.43,S15558
P401283,Electronics,IKEA,467.13,863.42,26.42,S4663
P793968,Books,AmazonBasics,427.59,723.17,22.55,S6876
P543826,Toys,Sony,316.41,605.14,1.21,S3778
P485624,Books,Unknown,341.76,474.84,5.8,S10307
P612086,Sports,Unknown,494.86,879.34,33.46,S8803
P647029,Clothing,Sony,172.3,210.36,2.1,S13907
P427967,Electronics,Adidas,14.07,23.93,40.16,S17248
P299685,Books,IKEA,224.29,276.01,42.23,S12203
P363031,Electronics,Samsung,29.04,38.67,48.19,S19400
P442993,Books,IKEA,63.08,84.6,1.89,S6135
P371915,Clothing,Adidas,93.95,142.16,22.8,S6030
P847841,Toys,Nike📱💻,343.43,574.54,10.95,S13395
P606659,Books,Samsung,493.75,804.72,18.91,S11793
P732031,Sports,Unknown,97.63,125.12,46.4,S16932
P398190,Sports,Sony,402.29,619.29,45.35,S19556
P336369,Clothing,AmazonBasics,183.72,274.19,34.7,S9611
P80260,Sports,IKEA,134.45,199.96,44.59,S17795
P582402,Sports,AmazonBasics,397.25,564.56,24.14,S9409
P283126,Electronics,AmazonBasics,395.34,654.42,34.29,S17714
P48150,Toys,Nike,113.71,194.17,43.43,S5565
P871712,Electronics,AmazonBasics,476.88,616.41,10.73,S19389
P588887,Home & Garden,Sony,54.69,82.11,46.01,S6217
P456163,Electronics,Adidas,422.87,733.68,39.24,S19576
P266255,Books,Samsung,368.19,571.07,NULL,S18692
P451607,Books,Adidas,120.33,178.11,49.05,S12977
P516571,Home & Garden,AmazonBasics,454.06,772.85,16.14,S11136
P594357,Books,Samsung,199.64,338.18,23.87,S10474
P724045,Books,Nike📱💻,176.29,268.63,7.48,S4439
P968974,Books,IKEA,205.19,269.68,23.14,S9977
P89109,Home & Garden,Samsung,173.63,331.32,15.61,S5396
P524129,Home & Garden,Samsung,56.24,107.53,-,S11605
P301035,Sports,AmazonBasics,62.34,86.01,38.8,S10732
P902264,Clothing,AmazonBasics,35.38,68.05,41.78,S2188
P370600,Home & Garden,Samsung,434.9,666.65,32.68,S6979
P978003,Electronics,Unknown,490.16,660.28,2.9,S17204
P865548,Clothing,Sony,131.79,177.73,6.95,S15369
P431423,Clothing,,208.95,293.27,30.34,S9358
P177421,Clothing,Nike,299.54,398.06,12.71,S17536
P241823,Sports,Samsung,153.81,255.32,4.73,S14358
P998601,Toys,AmazonBasics,169.31,309.52,22.0,S6260
P421003,Toys,Samsung,257.31,387.89,1.62,S3597
P869534,Home & Garden,IKEA,43.69,86.73,8.51,S15482
P983840,Home & Garden,IKEA,151.31,226.62,40.35,S19039
P848257,Books,Samsung,277.38,360.25,27.28,S15426
P373214,Toys,AmazonBasics,82.5,137.38,15.06,S18058
P840340,Clothing,IKEA,26.15,47.19,49.0,S9502
P589223,Electronics,IKEA,163.98,228.8,28.68,S3729
P22221,Toys,Samsung,195.98,371.27,13.68,S11997
P94288,Electronics,,27.03,45.72,49.93,S3618
P941316,Home & Garden,AmazonBasics,113.75,206.56,40.19,S17438
P346956,Sports,📱💻,14.94,26.66,34.15,S13017
P969314,Clothing,Nike,81.25,153.62,41.12,S25
P837791,Sports,Adidas,213.98,259.37,17.63,S19042
P768870,Sports,AmazonBasics,446.38,878.95,39.26,S4081
P42893,Electronics,IKEA,499.98,629.45,30.16,S10386
P896506,Books,Unknown,234.13,284.7,35.98,S11650
P228031,Books,Nike,406.63,765.07,17.62,S4456
P338325,Sports,Sony,274.54,548.02,27.55,S920
P356926,Toys,Samsung,384.15,646.2,37.72,S4639
P572337,Books,Adidas,309.31,449.27,12.91,S11605
P2232,Clothing,Samsung,15.2,22.58,38.59,S6884
P990106,Sports,Unknown,297.96,528.2,15.31,S12067
P820627,Sports,Nike,17.96,24.96,19.11,S1227
P570869,Home & Garden,IKEA,27.39,47.36,1.27,S10739
P698429,Electronics,Unknown,87.4,159.44,13.09,S2726
P71919,Toys,IKEA,198.53,358.64,26.72,S16677
P12610,Electronics,Samsung,199.23,369.88,19.53,S7307
P106366,Books,IKEA,235.41,364.19,30.68,S15799
P799795,Sports,Adidas,123.57,161.11,45.4,S13722
P188733,Toys,IKEA,196.14,379.32,27.1,S12619
P762683,Home & Garden,Samsung,253.8,323.48,5.29,S4723
P827395,Sports,Adidas,164.33,210.12,10.04,S10477
P468918,Electronics,Nike,105.89,129.16,19.32,S3218
P368763,Clothing,Adidas,454.6,631.49,19.38,S5235
P324049,Electronics,Unknown,126.72,191.8,22.75,S17273
P34630,Sports,AmazonBasics,497.09,652.01,31.36,S4074
P814584,Electronics,AmazonBasics,281.08,405.32,26.91,S17830
P494344,Toys,Unknown,172.18,297.9,26.51,S1793
P417234,Home & Garden,Sony,180.53,327.9,39.45,S6025
P350737,Toys,IKEA,352.4,574.71,1.12,S3324
P370363,Toys,AmazonBasics,196.07,342.48,8.53,S9143
P197703,Sports,Adidas,251.67,322.95,15.92,S14190
P396484,Books,AmazonBasics,36.26,58.02,45.81,S18455
P963899,Home & Garden,Nike,210.45,271.33,18.35,S1216
P943537,Sports,Nike,301.44,473.24,5.12,S12748
P851258,Toys,Samsung,161.23,289.69,31.6,S920
P771372,Books,AmazonBasics,399.96,650.05,45.55,S6307
P88688,Home & Garden,Unknown,360.94,556.35,23.52,S18710
P760088,Home & Garden,Nike,59.15,93.71,5.68,S6771
P134646,Sports,Sony,73.06,137.02,15.42,S19394
P474261,Sports,Adidas,204.04,340.45,15.84,S12919
P480342,Books,<b>Adidas</b>,103.78,183.14,N/A,S10968
P398671,Clothing,Sony,54.44,82.57,,S8692
P601499,Toys,Nike,97.5,147.07,23.15,S7391
P991827,Clothing,Adidas,294.36,444.77,46.5,S6931
P495299,Electronics,Unknown,452.92,857.46,47.59,S14516
P437857,Books,Unknown,148.34,201.27,44.29,S8448
P843600,Clothing,Sony,387.09,764.36,48.63,S7351
P205507,Home & Garden,Unknown,193.75,294.61,48.73,S11723
P583235,Home & Garden,IKEA,46.05,86.04,23.17,S4405
P34289,Toys,AmazonBasics,216.94,346.01,16.72,S135
P653951,Books,Sony,498.35,978.51,30.44,S17940
P634365,Electronics,Sony,430.23,736.96,17.63,S18952
P154826,Books,IKEA,315.95,484.0,29.54,S10985
P565885,Clothing,Nike,268.89,370.5,24.89,S101
P632881,Sports,Nike,456.81,869.17,33.04,S14174
P144531,Toys,Sony,258.17,364.47,47.75,S267
P300756,Electronics,Nike,307.36,462.59,35.8,S7967
P897617,Home & Garden,Samsung,353.87,698.26,14.29,S6496
P872820,Clothing,IKEA,439.83,827.75,8.28,S6847
P658076,Home & Garden,Unknown,422.68,759.56,41.54,S15338
P549687,Home & Garden,IKEA,25.79,49.92,34.04,S3600
P217450,Home & Garden,Nike,401.8,614.88,21.36,S14639
P624897,Home & Garden,AmazonBasics,421.05,616.29,40.6,S15674
P514234,Home & Garden,IKEA,28.99,52.76,24.45,S5303
P108078,Home & Garden,Adidas,68.55,126.55,14.73,S8872
P882395,Toys,AmazonBasics,396.73,633.17,36.37,S18740
P260990,Books,Nike,284.68,352.92,44.97,S3427
P591347,Clothing,AmazonBasics,306.29,573.33,1.0,S17832
P778854,Toys,Samsung,39.94,76.01,47.64,S6147
P170004,Electronics,AmazonBasics,475.92,790.53,35.89,S11792
P896453,Clothing,IKEA,296.55,464.27,12.75,S5431
P634530,Home & Garden,Nike,188.76,227.07,13.57,S15310
P890070,Sports,Sony,43.08,63.46,49.68,S11840
P875605,Books,AmazonBasics,481.88,844.93,3.22,S2930
P846293,Home & Garden,Adidas,67.04,123.65,8.94,S9031
P21997,Home & Garden,,338.08,490.34,28.64,S18123
P762501,Home & Garden,Adidas,440.33,741.48,6.19,S878
P731834,Clothing,Nike,70.22,86.81,18.17,S6453
P235142,Toys,Sony,112.3,216.27,14.52,S12263
P961277,Electronics,IKEA,166.63,317.78,Unknown,S12812
P510521,Electronics,Sony,39.83,53.03,30.45,S17051
P670198,Home & Garden,Sony,477.26,654.22,32.33,S19254
P686236,Electronics,Nike,470.97,675.01,5.52,S18075
P854382,Electronics,Adidas,378.77,706.45,37.78,S6976
P395436,Clothing,IKEA,395.6,649.05,43.47,S14095
P955590,Sports,Nike,342.87,543.91,25.49,S11641
P499765,Books,Nike,87.29,163.9,26.09,S1082
P209129,Sports,Samsung,370.5,490.13,36.9,S19095
P868977,Home & Garden,Samsung,318.89,412.18,10.39,S8396
P444605,Electronics,Unknown,63.78,117.29,35.35,S12365
P138389,Electronics,AmazonBasics,482.32,901.75,27.89,S13023
P110046,Sports,Samsung📱💻,286.48,511.94,34.85,S2431
P661389,Home & Garden,Nike,399.48,638.34,1.56,S15988
P654203,Clothing,Adidas,48.99,74.33,24.6,S3547
P876380,Books,<b>AmazonBasics</b>,437.9,723.48,24.35,S19778
P190333,Toys,-,77.1,150.48,15.01,S9428
P635569,Books,Unknown,127.98,202.52,25.52,S10589
P467367,Home & Garden,Sony,127.18,192.86,,S10280
P847267,Clothing,Adidas,152.02,271.06,33.65,S15784
P378651,Books,IKEA,137.41,219.93,11.72,S10235
P86096,Books,Adidas,112.85,214.54,6.47,S9215
P834221,Toys,Samsung,220.27,408.38,16.01,S404
P387373,Books,IKEA,192.88,338.72,40.12,S581
P558533,Toys,AmazonBasics,185.23,276.69,6.33,S10128
P782633,Sports,Unknown,317.64,603.66,10.36,S19861
P473292,Electronics,Sony,414.55,647.44,2.69,S7716
P52198,Books,Nike,47.44,90.67,6.31,S535
P819400,Books,Samsung,168.44,244.26,38.58,S7284
P581194,Clothing,Samsung,446.71,801.95,6.22,S15390
P309064,Books,Sony,405.53,788.71,NULL,S17731
P849887,Electronics,Sony,455.97,667.02,11.29,S6913
P680219,Home & Garden,Adidas,446.59,773.96,5.46,S2333
P227757,Electronics,Unknown,434.49,790.86,49.87,S14655
P846321,Home & Garden,Samsung,248.6,310.27,16.53,S3349
P658055,Books,Unknown,70.75,101.22,17.17,S9308
P113211,Books,Unknown,10.35,19.48,22.17,S1424
P48265,Books,Sony,478.62,907.45,28.47,S10272
P356060,Sports,Adidas,278.76,339.45,38.21,S7119
P338214,Toys,AmazonBasics,486.32,923.44,10.77,S3620
P716069,Electronics,Unknown,89.04,121.83,28.59,S14627
P629702,Toys,Adidas,388.59,578.31,18.69,S14440
P428968,Sports,Adidas,316.53,594.87,32.46,S2232
P69121,Sports,Samsung,496.38,708.77,21.75,S9174
P456016,Home & Garden,AmazonBasics,224.47,281.12,40.96,S901
P718646,Clothing,IKEA,438.45,874.13,18.56,S19863
P362704,Home & Garden,Samsung,23.67,30.2,10.88,S4557
P431048,Home & Garden,Samsung,167.67,245.02,23.05,S9038
P299413,Clothing,Nike,428.92,852.33,37.23,S17821
P36665,Books,Unknown,188.83,353.64,40.78,S10219
P365559,Toys,<b>Samsung</b>,92.18,125.73,16.69,S14705
P708829,Sports,IKEA,298.35,372.09,11.93,S13505
P175723,Home & Garden,IKEA,472.56,908.67,21.49,S10245
P578180,Toys,Nike,40.45,49.5,35.15,S9252
P212704,Clothing,Unknown,410.41,532.96,48.55,S3136
P684853,Clothing,Unknown,494.35,919.14,26.79,S9017
P950782,Sports,Sony,308.72,441.36,19.98,S11016
P582547,Sports,Unknown,39.14,64.65,22.9,S9626
P615145,Sports,Unknown,127.76,159.29,1.05,S1663
P538119,Electronics,IKEA,401.66,651.37,32.79,S11842
P538756,Clothing,-,180.92,347.88,18.24,S6761
P786725,Clothing,Samsung,485.25,818.36,16.22,S13346
P839199,Clothing,Unknown,196.35,295.89,31.52,S3298
P245173,Electronics,IKEA,149.11,228.3,5.22,S19715
P627523,Home & Garden,Unknown,161.78,270.97,6.32,S9879
P465307,Books,IKEA,129.85,N/A,18.64,S798
P566651,Home & Garden,Unknown,226.27,296.65,4.45,S17761
P870868,Books,IKEA,31.36,43.97,41.43,S17524
P320480,Sports,Samsung,168.73,274.44,20.33,S13977
P179445,Electronics,IKEA,42.26,52.26,20.51,S11697
P168007,Home & Garden,,385.62,490.72,48.29,S3863
P601219,Sports,IKEA,122.48,224.94,22.89,S11396
P436522,Clothing,Nike,457.11,908.57,32.14,S16614
P319607,Electronics,Nike,125.85,216.67,48.62,S18379
P179542,Electronics,AmazonBasics,177.41,327.85,49.87,S10760
P789759,Electronics,Adidas,448.98,757.34,27.89,S5870
P677312,Clothing,Adidas📱💻,354.33,511.97,18.52,S7630
P585399,Electronics,IKEA,369.64,449.65,32.3,S2269
P647057,Clothing,AmazonBasics,409.96,796.73,12.78,S2366
P188875,Electronics,Adidas📱💻,322.15,596.36,49.28,S17284
P992375,Books,Adidas,406.19,634.75,4.12,S11799
P101839,Electronics,IKEA,414.27,666.16,36.3,S11924
P851019,Toys,Nike,231.83,455.0,45.75,S16280
P972781,Books,IKEA,246.34,482.71,46.75,S14090
P922303,Electronics,AmazonBasics,322.78,485.25,31.61,S6777
P707441,Books,Samsung,247.68,434.0,42.04,S19232
P502070,Sports,Adidas,191.32,243.14,20.83,S1369
P117895,Clothing,AmazonBasics,130.87,171.32,20.57,S14738
P77262,Books,IKEA,226.93,322.06,15.71,S6928
P908128,Sports,Samsung,147.87,293.76,34.39,S1185
P346677,Books,AmazonBasics,429.2,768.67,41.21,S193
P775391,Sports,Sony,490.31,949.51,2.0,S7289
P780214,Clothing,Unknown,115.28,143.95,29.97,S978
P426118,Home & Garden,Unknown,431.97,681.39,26.73,S12920
P246449,Sports,Unknown,342.72,471.71,31.69,S756
P101465,Sports,Sony,59.9,99.96,45.07,S13243
P320960,Home & Garden,Adidas,39.95,68.63,0.4,S7641
P193833,Sports,AmazonBasics,326.59,451.77,30.21,S3437
P771914,Electronics,Unknown,250.46,367.03,17.17,S18569
P92632,Books,Samsung,150.05,219.76,11.78,S19872
P936449,Clothing,Samsung,379.14,509.06,5.59,S3060
P662827,Toys,Adidas,42.3,73.83,31.54,S12828
P194630,Toys,Sony,325.46,397.96,16.25,S3427
P737830,Electronics,Samsung,88.44,145.24,5.88,S18158
P369395,Clothing,Samsung,352.1,641.37,8.67,S7923
P332982,Sports,Samsung,251.32,342.5,46.27,S629
P19008,Home & Garden,Samsung,228.39,286.75,37.78,S3147
P575917,Books,Samsung,369.46,589.36,39.23,S7638
P469003,Electronics,AmazonBasics,9.03,11.01,48.39,S3125
P94666,Sports,Sony,384.68,616.02,20.66,S19216
P174044,Toys,Unknown,235.67,357.27,18.48,S14669
P283888,Toys,Nike,194.67,315.57,2.78,S474
P957029,Clothing,Samsung,287.18,557.13,-,S19034
P165324,Books,Samsung,97.61,138.48,30.98,S6726
P353577,Clothing,Adidas,183.35,331.55,38.59,S480
P817052,Clothing,Samsung,157.77,282.79,19.28,S17482
P713848,Toys,Adidas,329.51,542.89,4.87,S245
P572466,Home & Garden,Adidas,26.98,43.87,39.06,S10739
P349704,Electronics,Adidas,404.5,755.5,16.4,S18391
P115543,Books,Nike,45.45,62.08,34.97,S19442
P197700,Home & Garden,AmazonBasics,287.38,533.4,43.59,S16844
P855521,Electronics,Unknown,100.86,161.77,23.49,S16021
P442699,Sports,IKEA,435.23,772.33,45.68,S1410
P473044,Books,Sony,32.89,61.19,9.53,S3966
P77565,Toys,Samsung📱💻,192.96,315.96,12.94,S8626
P636697,Clothing,<b>AmazonBasics</b>,450.54,550.77,11.85,S17495
P376280,Sports,AmazonBasics,135.6,245.23,10.11,S4930
P755075,Sports,Adidas,456.97,885.19,43.32,S12602
P983089,Sports,Unknown,54.18,93.47,22.1,S9830
P245548,Toys,-,223.69,275.09,45.33,S4153
P206757,Clothing,Adidas,297.19,577.05,45.45,S2253
P307636,Electronics,Sony,164.78,232.52,33.81,S4413
P801867,Toys,Samsung,342.87,426.71,24.37,S18414
P349106,Books,Unknown,221.16,347.91,46.87,S5294
P563955,Home & Garden,Sony,487.99,947.76,44.86,S10084
P857818,Books,Sony,249.83,382.43,0.68,S2502
P651284,Clothing,N/A,469.34,640.3,16.11,S9372
P967529,Electronics,IKEA,251.29,463.78,27.23,S3809
P245482,Sports,Nike,282.04,£552.97,11.27,S18594
P171499,Home & Garden,Sony,N/A,398.73,40.87,S10212
P376442,Sports,Adidas,470.26,739.94,39.22,S4629
P590439,Clothing,NULL,430.96,832.23,25.3,S824
P840453,Toys,AmazonBasics,378.58,501.51,48.72,S8754
P413071,Sports,Sony,339.42,472.14,33.3,S7794
P228916,Books,Unknown,270.16,399.66,1.92,S9319
P804334,Electronics,Unknown,449.72,557.26,24.79,S9688
P440885,Electronics,Sony,201.58,396.47,28.24,S14697
P434954,Electronics,Nike,278.75,442.26,20.26,S4739
P94782,Home & Garden,AmazonBasics,296.73,582.88,30.82,S18396
P292930,Home & Garden,Samsung,209.62,414.62,24.02,S10114
P190420,Clothing,AmazonBasics,482.44,690.62,19.37,S12015
P505556,Electronics,Sony,310.3,592.69,9.26,S4114
P964216,Sports,Adidas,34.92,53.22,17.77,S8025
P119929,Toys,Samsung,118.64,202.25,45.41,S14848
P747738,Toys,Samsung,396.31,697.68,43.16,S8785
P373288,Electronics,Sony,301.94,574.07,19.64,S17584
P440740,Toys,Sony,131.18,196.14,10.3,S13713
P369680,Home & Garden,IKEA,170.54,259.2,12.55,S5698
P315165,Toys,AmazonBasics,171.64,269.3,18.78,S9221
P912202,Sports,AmazonBasics,303.61,426.44,20.79,S5397
P123299,Sports,Samsung,153.48,189.27,19.23,S16141
P874971,Clothing,AmazonBasics,62.16,114.52,24.65,S4677
P526869,Sports,Sony,433.13,681.06,14.13,S1051
P955380,Home & Garden,IKEA,121.02,165.53,,S19711
P84573,Books,Sony,346.75,678.81,18.86,S7387
P665157,Home & Garden,Adidas,394.47,712.83,42.28,S5790
P888048,Sports,Sony,74.15,117.75,2.48,S11314
P31990,Home & Garden,Samsung,204.52,254.7,27.31,S18489
P137702,Toys,IKEA,452.45,561.16,5.93,S17383
P737728,Clothing,Samsung,213.33,332.84,42.04,S9122
P929243,Clothing,Unknown,271.12,401.8,19.13,S7272
P452976,Clothing,IKEA,480.97,636.01,27.09,S930
P81283,Home & Garden,Nike,496.37,889.16,26.5,S4667
P465807,Toys,Samsung,332.42,408.7,39.92,S17686
P154635,Books,Unknown,267.51,371.37,31.92,S16607
P157955,Home & Garden,Nike,377.0,650.75,34.78,S12938
P785865,Sports,Sony,415.44,812.53,2.82,S10144
P990190,Books,IKEA,33.31,60.53,29.45,S15343
P841426,Sports,Sony,122.64,207.23,16.87,S11480
P390771,Toys,IKEA,41.16,57.49,49.27,S5702
P198097,Sports,IKEA,237.3,410.0,6.83,S5493
P423808,Books,Adidas,328.32,486.06,11.27,S6096
P747157,Home & Garden,Nike,365.43,600.04,19.94,S15080
P718279,Sports,IKEA,117.74 GBP,193.49,2.29,S5670
P400876,Books,Nike,64.43,88.56,45.57,S12445
P67867,Toys,Adidas,27.25,43.21,18.32,S8460
P543424,Home & Garden,Unknown,375.74,656.45,29.45,S5842
P394733,Electronics,Unknown,342.72,580.23,39.35,S6947
P177360,Electronics,Nike,232.61,368.16,17.18,S6688
P149030,Toys,IKEA,81.39,121.62,16.24,S13560
P671436,Home & Garden,Adidas,190.01,349.64,2.94,S15693
P268448,Electronics,AmazonBasics,309.23,564.83,29.38,S12761
P817939,Clothing,Samsung,151.86,262.9,15.03,S16560
P747343,Home & Garden,Adidas,17.62,32.26,43.93,S7346
P453967,Clothing,Samsung,372.64,731.53,25.52,S7993
P469779,Sports,IKEA,221.24,303.27,26.1,S10576
P902177,Clothing,Samsung,65.23,88.2,39.97,S917
P776640,Electronics,Adidas,436.35,659.52,0.77,S5840
P478355,Sports,Sony,472.19,583.67,5.14,S9682
P31588,Electronics,Adidas,66.71,121.58,N/A,S6993
P711059,Books,IKEA,153.1,190.51,46.63,S16022
P347144,Sports,Samsung,384.09,618.85,49.66,S7645
P490447,Books,Unknown,384.72,766.07,1.9,S6006
P896410,Sports,Nike,321.37,597.5,13.78,S10266
P140697,Clothing,Unknown,227.24,329.03,42.53,S6767
P228161,Sports,Samsung,201.99,339.42,4.63,S3818
P149731,Sports,Samsung,360.07,483.07,27.47,S16677
P391650,Home & Garden,Adidas,268.05,325.49,25.25,S16319
P829390,Sports,Sony,192.36,358.14,19.75,S15536
P962521,Books,Unknown,213.73,380.88,22.89,S10195
P39720,Electronics,IKEA,457.69,732.35,1.03,S7120
P745742,Sports,Nike,371.3,722.93,1.83,S3655
P263313,Toys,IKEA,431.84,768.76,22.78,S6372
P437883,Sports,Samsung,66.14,90.02,13.02,S14812
P287097,Toys,Adidas,38.81,63.02,N/A,S19238
P323679,Sports,Unknown,30.5,47.22,27.12,S11996
P508010,Clothing,Nike,184.38,296.24,41.31,S16604
P71276,Toys,Adidas,137.66,187.17,Unknown,S8553
P61633,Home & Garden,,404.8,660.34,26.61,S10612
P761639,Clothing,Unknown,437.3,534.35,17.64,S17017
P757332,Electronics,Adidas,310.48,578.71,42.81,S17181
P795280,Books,Sony,13.59,16.72,30.37,S8962
P26392,Home & Garden,Samsung,192.76,353.79,22.7,S4529
P13457,Home & Garden,Nike,275.84,362.21,34.64,S12793
P327071,Toys,Samsung,307.48,474.53,-,S13254
P699265,Sports,Samsung,110.32,211.5,20.63,S14231
P433803,Clothing,Adidas,140.74,217.52,18.31,S673
P451052,Toys,Samsung,60.23,87.81,6.58,S17020
P908371,Electronics,AmazonBasics,268.63,451.53,19.1,S19727
P219375,Home & Garden,Samsung,227.33,393.47,35.64,S11921
P298043,Sports,Unknown,473.77,664.17,22.06,S16049
P362061,Sports,Sony,252.82,348.66,3.13,S18400
P271052,Home & Garden,IKEA,273.75,348.0,36.41,S169
P25091,Books,Samsung,389.74,679.55,24.16,S1225
P815260,Clothing,Samsung,59.49,118.92,23.46,S2449
P380196,Sports,Adidas,477.45,852.37,32.45,S10247
P44467,Electronics,Nike,220.77,404.29,2.45,S2410
P699327,Sports,IKEA,291.79,367.47,9.54,S7457
P997091,Toys,Unknown,365.62,515.46,25.13,S9113
P39287,Clothing,Nike,64.83,122.5,39.23,S439
P334865,Sports,Unknown,212.46,339.5,38.48,S3178
P970315,Clothing,Nike,184.13,284.77,9.21,S2559
P29003,Electronics,Samsung,300.31,500.96,11.73,S7605
P567653,Books,Nike,188.27,294.59,,S6372
P905551,Sports,Samsung,440.3,828.58,32.76,S14564
P74130,Electronics,IKEA,310.9,541.98,7.5,S19808
P693959,Books,Adidas,247.96,454.56,14.32,S4669
P582092,Clothing,Adidas,494.55,606.39,47.9,S14460
P936025,Electronics,IKEA,401.19,606.8,20.94,S12777
P171978,Clothing,AmazonBasics,78.68,110.17,39.04,S14417
P586317,Clothing,,145.43,248.74,48.57,S13109
P544365,Home & Garden,AmazonBasics,212.72,321.07,33.68,S9830
P550805,Electronics,Unknown,420.05,643.28,20.61,S17699
P147010,Books,,86.12,148.99,5.82,S1261
P821603,Electronics,Sony,389.22,677.85,34.37,S17191
P721612,Books,Adidas,359.26,438.83,5.59,S13236
P320305,Home & Garden,Unknown,162.4,294.91,10.86,S2014
P776346,Clothing,Adidas,261.56,471.92,28.02,S10753
P448076,Sports,Adidas,205.66,328.21,48.65,S2817
P336391,Sports,Nike,85.43,107.46,26.75,S7129
P67029,Sports,Sony,339.23,525.77,33.66,S1771
P904390,Books,Nike,211.27,307.92,34.96,S4556
P312300,Electronics,Samsung,105.78,166.09,29.49,S6505
P302101,Clothing,Unknown,435.83,601.71,38.18,S13641
P863821,Books,,315.93,597.7,13.41,S13082
P471286,Home & Garden,IKEA,482.0,581.01,37.13,S9962
P446479,Clothing,AmazonBasics,200.03,331.92,45.16,S11322
P179995,Home & Garden,AmazonBasics,213.11,366.66,28.95,S1521
P963568,Clothing,Nike,47.05,76.9,7.04,S19438
P510195,Home & Garden,Samsung,410.13,684.91,3.15,S6332
P685709,Books,AmazonBasics,375.67,725.51,20.13,S7495
P330976,Home & Garden,Sony,401.91,769.75,11.32,S10948
P190816,Clothing,Samsung,48.91,59.31,28.4,S10801
P968839,Toys,Adidas,296.99,401.25,27.84,S3022
P649286,Books,Unknown,88.02,141.36,13.69,S14577
P817085,Sports,Adidas,331.96,549.35,14.95,S794
P703645,Sports,Sony,436.57,567.64,37.62,S18088
P93073,Toys,Adidas,303.89,592.38,46.3,S37
P845626,Sports,Samsung,292.71,492.21,33.14,S6416
P280506,Home & Garden,Nike,47.64,65.29,20.82,S10728
P756239,Sports,IKEA,366.4,710.68,35.24,S2886
P746875,Books,Adidas,330.2,410.18,27.51,S13606
P87084,Books,Sony,239.58,317.85,46.94,S14950
P198631,Home & Garden,Unknown,308.57,556.94,4.75,S7915
P512119,Electronics,Sony,484.61,855.65,23.24,S12869
P618959,Toys,Unknown,219.34,380.94,37.25,S13228
P459313,Electronics,Nike,467.8,645.07,5.27,S18056
P7897,Toys,IKEA,335.9,495.53,28.75,S9119
P13598,Sports,Nike,461.23,566.95,45.02,S3648
P69680,Toys,Nike,304.52,508.06,32.53,S16625
P312407,Electronics,Nike,198.19,281.66,35.06,S5101
P971208,Books,Unknown,157.95,251.53,45.65,S8126
P171235,Books,Adidas,203.82,352.16,11.52,S16024
P802559,Clothing,Unknown,114.49,189.05,26.32,S787
P150188,Sports,AmazonBasics,193.13,308.43,48.55,S12343
P414209,Home & Garden,Samsung,319.88,505.18,45.37,S8459
P160807,Home & Garden,AmazonBasics,213.2,367.97,8.52,S3889
P933852,Home & Garden,Samsung,184.0,337.55,28.22,S17291
P767960,Home & Garden,Sony,467.75,623.33,17.16,S2649
P429068,Toys,Adidas,388.64,726.96,5.11,S10899
P57896,Clothing,Sony,126.93,207.95,19.77,S9448
P276860,Home & Garden,Samsung,450.59,693.88,34.54,S12554
P826449,Books,AmazonBasics,398.5,701.08,13.82,S5063
P151626,Toys,Adidas,442.84,725.38,16.56,S7683
P711658,Clothing,AmazonBasics,256.73,378.74,1.78,S8901
P683461,Home & Garden,Samsung,184.13,241.61,7.42,S4208
P256377,Home & Garden,IKEA,58.7,100.17,5.66,S11424
P541393,Sports,Adidas,264.21,410.24,1.71,S9194
P866695,Toys,Sony,209.87,275.06,34.76,S5783
P579709,Clothing,AmazonBasics,243.49,416.75,10.05,S6603
P229216,Sports,Sony,482.87,961.02,20.14,S19
P285045,Home & Garden,Sony,19.37,30.47,49.79,S11211
P777131,Clothing,Unknown,210.71,381.33,16.4,S14565
P937026,Home & Garden,Sony,262.02,475.89,30.79,S15059
P823154,Electronics,Samsung,175.24,346.03,28.23,S14531
P426895,Toys,Adidas,145.37,214.98,13.59,S6223
P595036,Clothing,IKEA,111.31,178.58,31.98,S3942
P948936,Sports,Samsung,384.31,718.4,41.77,S15728
P128211,Electronics,Samsung,378.35,704.72,29.47,S536
P991464,Clothing,AmazonBasics,160.35,228.13,21.75,S1861
P762234,Electronics,Nike,294.92,554.27,38.09,S5217
P570290,Electronics,AmazonBasics,371.69,593.46,8.59,S14439
P499585,Books,Nike,85.91,160.16,6.78,S206
P29371,Toys,Nike,327.81,431.57,44.28,S9117
P754812,Sports,Unknown,259.91,457.92,20.67,S7617
P209202,Home & Garden,Unknown,342.9,661.51,40.89,S18096
P6077,Sports,Nike,335.88,666.37,1.04,S10354
P470058,Toys,Unknown,185.06,227.46,25.16,S2690
P392947,Clothing,Unknown,285.72,466.41,47.37,S3431
P332776,Clothing,Nike,211.83,291.84,13.52,S14683
P292475,Electronics,Unknown,290.76,378.65,N/A,S5206
P228080,Books,Nike,247.0,301.2,5.97,S14293
P231286,Toys,Unknown,325.51,634.35,0.21,S1209
P206587,Clothing,IKEA,370.52,666.57,37.13,S18782
P282241,Electronics,IKEA,57.82,86.18,27.01,S17900
P327370,Electronics,AmazonBasics,130.93,253.18,9.63,S12587
P650979,Home & Garden,Samsung,256.08,419.01,40.48,S19223
P331277,Toys,Sony,170.04,263.97,41.39,S19310
P3224,Clothing,AmazonBasics,116.34,170.92,17.6,S19062
P204039,Sports,IKEA,367.93,700.93,20.19,S2957
P89620,Clothing,NULL,21.25,37.03,7.55,S940
P287849,Toys,AmazonBasics,93.49,133.27,36.97,S17753
P807311,Sports,Adidas,32.49,61.22,44.35,S6805
P614983,Clothing,Samsung,186.7,270.2,32.66,S10112
P52296,Sports,Samsung,267.74,523.57,49.64,S17844
P693880,Toys,Adidas,89.76,138.8,40.85,S17584
P370125,Home & Garden,IKEA,375.33,636.7,26.05,S11010
P373652,Home & Garden,IKEA,14.26,17.92,13.36,S8521
P341250,Books,Adidas,379.41,508.54,41.91,S14447
P341631,Books,AmazonBasics,42.28,55.14,28.81,S6665
P757364,Sports,Adidas,100.25,187.59,16.13,S19640
P38865,Sports,AmazonBasics,124.24,178.79,16.09,S5519
P940174,Books,Samsung,428.6,841.73,5.38,S3569
P257203,Books,AmazonBasics,210.09,399.54,9.88,S3051
P135328,Electronics,Adidas,263.64,397.88,25.42,S14015
P172754,Books,Sony,220.29,276.09,12.56,S12414
P112413,Clothing,Sony,301.72,555.76,11.6,S8112
P784154,Electronics,Nike,343.08,617.43,34.84,S811
P834311,Sports,Sony,183.14,256.51,14.38,S16168
P168946,Sports,Sony,275.24,432.24,40.15,S11359
P676954,Home & Garden,Adidas,62.12,120.35,15.54,S16160
P927734,Electronics,Nike,444.79,538.56,49.15,S2048
P491789,Home & Garden,Sony,176.62,327.99,24.62,S1564
P284427,Books,AmazonBasics,118.77,195.0,10.13,S18295
P810162,Sports,IKEA,55.83,102.18,5.76,S13291
P958443,Clothing,Samsung,273.21,353.51,22.37,S18621
P460010,Sports,Nike,356.37,647.28,8.36,S17690
P678461,Sports,Unknown,46.76,88.55,30.66,S18673
P383666,Clothing,Unknown,272.35,495.96,36.94,S15629
P445564,Sports,Unknown,358.52,562.86,10.89,S12154
P455389,Sports,Adidas,412.95,622.66,13.03,S4670
P638309,Toys,Nike,373.47,468.94,35.23,S19716
P432109,Books,Unknown,444.05,850.08,24.5,S5815
P757863,Clothing,Nike,238.75,429.12,49.89,S10952
P846877,Clothing,AmazonBasics,116.63,196.47,5.35,S19253
P317003,Sports,Adidas,382.79,653.7,8.4,S13140
P537444,Books,Sony,328.81,542.08,16.12,S13602
P736698,Toys,Unknown,312.69,472.17,19.32,S11790
P886005,Electronics,Unknown,416.71,721.05,27.89,S7378
P375504,Toys,IKEA,271.12,403.01,1.35,S19142
P333055,Toys,Nike,86.1,124.19,33.16,S11298
P308489,Toys,Samsung,268.47,397.54,41.43,S196
P873239,Clothing,Unknown,428.09,785.42,34.87,S16214
P94004,Home & Garden,AmazonBasics,126.7,171.54,21.28,S19820
P142601,Home & Garden,Sony,106.25,186.6,31.03,S17297
P380451,Books,IKEA,107.72,166.38,19.26,S10482
P219661,Home & Garden,Sony,83.24,152.63,22.58,S789
P539025,Toys,Adidas,258.25,474.37,48.68,S9468
P838395,Electronics,Nike,255.77,428.2,40.96,S19492
P313803,Toys,Samsung,318.43,550.52,39.04,S10439
P224837,Electronics,Samsung,34.61,60.09,46.07,S6878
P847499,Books,IKEA,60.67,80.28,7.02,S1430
P96272,Clothing,Unknown,187.3,311.95,39.13,S12659
P457311,Toys,Samsung,379.17,660.05,4.34,S3780
P780335,Toys,IKEA,482.22,709.06,36.68,S5586
P37110,Electronics,Sony,158.57,204.47,25.79,S12978
P845303,Books,IKEA,218.17,283.8,35.72,S8224
P113853,Clothing,IKEA,168.16,312.35,15.07,S14113
P359170,Books,Samsung,35.72,55.62,46.29,S16679
P108462,Clothing,Nike,347.54,440.0,45.64,S18468
P56836,Clothing,Adidas,71.73,113.68,40.89,S4328
P541091,Electronics,Samsung,290.23,436.02,17.65,S19426
P559435,Toys,Samsung,446.83,703.63,37.04,S4804
P591333,Electronics,Adidas,272.36,471.35,20.97,S10416
P669105,Home & Garden,Unknown,56.14,69.64,23.49,S2055
P463321,Clothing,Sony,363.96,584.17,34.28,S3474
P812208,Electronics,Adidas,336.73,590.94,21.91,S18732
P427606,Toys,Samsung,372.74,467.28,38.45,S4706
P746257,Clothing,Samsung,245.76,319.34,49.96,S10269
P106702,Electronics,Samsung,333.98,660.63,5.41,S3262
P70708,Electronics,Nike,368.77,612.39,40.06,S6759
P726457,Clothing,AmazonBasics,461.8,596.28,37.47,S19285
P673530,Electronics,Samsung,36.76,59.24,47.11,S15594
P284101,Toys,Samsung,312.53,487.07,28.06,S17252
P710675,Toys,Sony,242.16,325.79,18.49,S16278
P371746,Sports,Sony,465.75,721.02,2.6,S4999
P816254,Home & Garden,Sony,331.55,568.9,25.39,S233
P884445,Sports,Sony,263.09,441.05,21.58,S12565
P147183,Toys,Nike,230.1,326.19,12.39,S15595
P886257,Home & Garden,AmazonBasics,43.1,57.77,7.76,S10873
P871358,Books,Adidas,410.78,565.19,8.92,S19338
P796772,Clothing,AmazonBasics,97.31,150.94,44.05,S17193
P596036,Toys,Samsung,72.6,131.06,18.81,S13834
P260101,Toys,Nike,450.23,872.14,33.4,S9183
P448319,Books,Nike,169.88,256.52,22.59,S14700
P302063,Books,Samsung,464.79,709.35,31.64,S12254
P395642,Toys,Samsung,350.2,467.67,40.56,S5444
P152091,Books,Sony,440.9,576.39,35.62,S7315
P137092,Clothing,Unknown,63.79,99.92,38.74,S6929
P748083,Books,Nike,348.36,421.95,40.63,S1315
P227753,Books,Nike,304.63,429.08,9.98,S4798
P59528,Electronics,IKEA,388.2,674.37,47.76,S2046
P749401,Books,IKEA,20.84,31.91,46.39,S8776
P976753,Electronics,Nike,94.18,164.64,41.34,S4118
P689065,Home & Garden,Unknown,197.49,329.74,40.7,S17130
P447464,Books,Adidas,463.7,912.27,34.96,S16463
P47678,Sports,AmazonBasics,40.1,78.54,14.11,S11884
P846458,Sports,Samsung,464.06,573.51,20.5,S6026
P727661,Toys,AmazonBasics,486.58,737.57,20.07,S16261
P762687,Toys,Nike,255.99,416.89,44.52,S10910
P686774,Clothing,Adidas,103.17,175.15,21.17,S4578
P862406,Sports,IKEA,364.37,527.91,9.19,S7912
P88798,Electronics,Unknown,189.76,318.69,2.63,S16500
P773929,Sports,Nike,51.17,87.53,48.67,S10355
P865151,Electronics,Samsung,155.49,193.36,47.53,S9498
P339246,Electronics,Sony,29.59,56.03,39.91,S7050
P731390,Electronics,Unknown,176.09,218.36,40.5,S7466
P614873,Home & Garden,Samsung📱💻,189.82,274.26,13.39,S948
P252994,Clothing,Samsung,27.16,40.59,11.64,S18267
P591072,Sports,Adidas,415.1,801.51,31.55,S18521
P64172,Clothing,Adidas,408.67,518.65,25.27,S8270
P914158,Home & Garden,Samsung,123.29,216.16,23.74,S7340
P928221,Sports,Adidas,470.12,697.42,48.52,S17395
P575789,Toys,IKEA,455.79,906.36,36.83,S1601
P111095,Toys,Nike,46.71,86.69,46.43,S18268
P484432,Electronics,IKEA,47.24,77.6,32.41,S5548
P539432,Sports,Samsung,242.32,445.86,19.93,S8929
P112150,Toys,Adidas,183.08,292.26,2.18,S435
P236746,Sports,Adidas,360.64,497.72,8.7,S10117
P955088,Home & Garden,AmazonBasics,192.31,286.33,37.84,S4073
P777034,Toys,Unknown,224.49,274.44,31.38,S1192
P128108,Electronics,Nike,281.52,392.12,25.74,S9786
P421098,Sports,-,238.34,430.07,33.16,S18059
P339871,Electronics,Adidas,90.54,129.54,21.48,S10396
P794089,Clothing,Unknown,305.78,484.68,45.44,S3905
P841992,Toys,Unknown,148.32,191.39,39.55,S5274
P698031,Electronics,Unknown,361.31,694.44,17.22,S17846
P948353,Home & Garden,Sony,291.39,483.87,40.48,S6176
P38169,Clothing,Samsung,316.01,528.02,24.22,S14831
P278891,Toys,Unknown,315.16,448.9,9.75,S1067
P858318,Home & Garden,Adidas,315.33,558.18,30.32,S18481
P252051,Books,IKEA,41.91,57.75,5.78,S8772
P41308,Home & Garden,IKEA,19.84,32.62,-,S719
P579502,Home & Garden,IKEA,319.51,480.26,46.09,S14342
P457076,Sports,IKEA,264.5,399.3,28.86,S6276
P784827,Electronics,Nike,404.66,721.64,27.21,S16573
P530958,Clothing,Adidas,157.68,278.04,19.81,S13065
P192793,Books,Adidas,22.85,41.27,40.72,S17882
P3289,Books,Sony,66.06,90.47,34.63,S11333
P46049,Toys,Nike,328.78,480.4,10.42,S13942
P538775,Clothing,Samsung,479.08,890.5,8.81,S12855
P330820,Electronics,IKEA,372.17,670.25,42.61,S12285
P337120,Toys,AmazonBasics,33.56,58.6,5.14,S14187
P668968,Sports,Nike,19.3,27.93,7.59,S9843
P745430,Home & Garden,AmazonBasics,426.94,772.37,-,S11779
P388805,Sports,Sony,295.1,474.03,13.03,S18316
P829455,Electronics,Nike,153.74,233.34,42.57,S16399
P397303,Clothing,Unknown,114.66,197.75,29.21,S16641
P739733,Home & Garden,Adidas,465.72,761.42,16.43,S4908
P339065,Home & Garden,Nike,457.28,837.86,18.28,S1110
P596247,Clothing,Adidas,58.94,94.56,37.21,S13292
P918453,Toys,Samsung,33.2,64.22,13.09,S2157
P887514,Toys,Sony,86.87,163.94,4.37,S18900
P617785,Clothing,Sony,177.9,249.72,16.51,S7807
P199815,Electronics,Adidas,206.84,384.31,33.86,S8908
P716973,Sports,Sony,262.02,504.95,16.62,S7302
P932775,Toys,AmazonBasics,18.39,27.96,42.13,S5806
P860899,Electronics,Adidas,7.62,14.06,17.88,S4585
P702121,Sports,Unknown,116.34,168.67,10.57,S2490
P446915,Toys,AmazonBasics,496.18,684.9,12.52,S14626
P955022,Sports,IKEA,319.84,390.7,44.31,S13154
P555588,Electronics,Samsung,26.27,44.6,44.9,S12306
P562729,Home & Garden,Nike,363.28,579.64,29.18,S4589
P803116,Toys,Adidas,497.83,870.42,31.93,S7337
P264028,Toys,Unknown,45.37,76.68,N/A,S11482
P41471,Home & Garden,IKEA,113.92,151.86,18.23,S18348
P618904,Clothing,Samsung,280.72,409.81,23.77,S13606
P572148,Electronics,Unknown,387.03,602.58,10.25,S5201
P44752,Sports,AmazonBasics,74.71,132.94,26.37,S2288
P326655,Sports,Sony,483.93,894.33,45.49,S17188
P185643,Toys,Unknown,396.67,600.22,32.52,S5231
P2537,Sports,IKEA,107.98,142.94,38.05,S11509
P146196,Toys,Nike,190.01,282.32,4.32,S19367
P339042,Electronics,IKEA,210.38,267.53,17.53,S1904
P898067,Clothing,Unknown,360.31,705.59,7.57,S16385
P433288,Sports,Adidas,195.06,238.82,23.07,S19472
P404331,Home & Garden,IKEA,16.85,32.42,30.81,S7895
P745409,Books,Adidas,322.41,630.41,6.1,S17770
P715409,Home & Garden,Adidas,439.34,560.54,37.17,S7577
P260056,Electronics,AmazonBasics,386.37,522.26,26.59,S531
P622379,Toys,IKEA,45.56,80.99,37.28,S17692
P60905,Electronics,Unknown,101.32,152.97,43.64,S4363
P816913,Electronics,Samsung,283.92,380.67,40.8,S11391
P48725,Home & Garden,Adidas,365.27,549.67,30.06,S16080
P906543,Books,Sony,259.47,468.55,24.44,S19678
P542889,Sports,AmazonBasics,289.08,538.27,3.47,S5841
P449761,Toys,Nike,123.53,179.87,24.36,S8727
P389822,Home & Garden,Adidas,312.02,618.42,46.41,S13759
P990434,Home & Garden,AmazonBasics,400.28,544.15,NULL,S13840
P171117,Clothing,Nike,137.77,205.98,27.96,S7014
P471094,Electronics,Unknown,74.02,115.33,19.16,S18172
P548506,Electronics,Adidas,331.75,508.06,7.98,S3223
P210080,Sports,Adidas,170.6,209.22,33.99,S19711
P796807,Home & Garden,IKEA,302.08,503.84,41.01,S2927
P490524,Toys,Nike,147.34,178.71,44.37,S2332
P943429,Sports,AmazonBasics,73.2,139.76,7.37,S10842
P695972,Electronics,Unknown,183.95,348.37,31.62,S18770
P86362,Electronics,Samsung,108.34,178.04,16.68,S3121
P737810,Electronics,Adidas,420.87,785.86,47.09,S9359
P957444,Books,Unknown,385.77,708.14,31.19,S9171
P211057,Toys,Unknown,182.97,333.43,1.95,S4449
P126253,Clothing,Unknown,205.56,269.74,2.62,S10915
P630866,Books,Sony,283.83,372.37,44.5,S15580
P188977,Electronics,Unknown,485.68,833.18,31.84,S3354
P90620,Clothing,Nike,272.8,520.98,Unknown,S8322
P371139,Books,Samsung,204.78,355.79,5.44,S17207
P756845,Toys,Adidas,164.64,322.85,19.19,S10728
P404246,Sports,IKEA,236.66,346.86,36.54,S6091
P621776,Books,Unknown,179.51,307.31,19.89,S19576
P404612,Electronics,Sony,346.61,600.13,19.08,S9962
P414583,Books,Adidas,234.01,361.98,37.76,S3027
P147633,Sports,Nike,75.88,98.7,18.54,S13127
P411650,Sports,Sony,486.95,721.77,14.55,S19351
P230940,Sports,Nike,267.14,488.15,21.69,S11710
P899211,Clothing,Nike,363.06,485.65,36.28,S17541
P174396,Toys,Unknown,485.53,734.2,4.25,S656
P705285,Sports,Nike,112.35,174.08,16.89,S17882
P561632,Toys,IKEA,241.5,365.38,40.13,S16114
P333688,Toys,Adidas,89.22,146.91,49.21,S16330
P709257,Home & Garden,AmazonBasics,216.92,366.53,,S3748
P261365,Home & Garden,IKEA,414.48,730.6,1.41,S311
P99642,Clothing,Adidas,462.35,784.52,18.13,S17180
P649156,Home & Garden,Sony,364.51,502.05,20.04,S6524
P603353,Clothing,Adidas,483.26,795.32,10.71,S19854
P134766,Sports,Unknown,99.52,191.56,12.77,S7603
P146154,Home & Garden,Samsung,440.7,531.59,0.56,S5012
P467173,Sports,Unknown,187.93,296.21,27.39,S17427
P878480,Home & Garden,Sony,121.72,203.88,44.84,S1079
P632077,Clothing,Unknown,270.57,499.87,6.87,S15876
P939433,Home & Garden,Samsung,246.73,433.58,30.25,S5093
P450416,Clothing,Adidas,418.84,825.98,31.26,S8460
P425040,Home & Garden,Nike,347.84,586.45,43.36,S13681
P253344,Clothing,Unknown,321.99,585.29,46.85,S9841
P270030,Clothing,Samsung,31.46,59.32,35.42,S9438
P385893,Sports,AmazonBasics,389.01,601.71,33.69,S15828
P424043,Clothing,Adidas,322.65,608.57,36.67,S11789
P965406,Home & Garden,Adidas,406.2,724.32,15.9,S319
P230077,Sports,AmazonBasics,283.72,499.3,12.95,S10699
P148625,Electronics,Nike,289.86,453.74,17.97,S9661
P190624,Sports,IKEA,53.28,78.32,47.19,S17402
P490703,Books,Samsung,60.18,107.19,41.99,S17228
P51971,Toys,IKEA,409.12,652.52,46.98,S15616
P966230,Home & Garden,Unknown,265.4,395.51,4.61,S4863
P591480,Books,Unknown,315.08,388.76,27.11,S879
P627219,Books,IKEA,236.52,334.68,11.99,S15782
P705221,Toys,Sony,67.01,84.18,11.33,S845
P809372,Home & Garden,Adidas,14.71,26.18,41.72,S3554
P164413,Books,Samsung,80.05,130.21,14.94,S3318
P834748,Electronics,Adidas,251.56,467.64,3.35,S354
P83965,Sports,Nike,419.27,710.01,47.77,S6077
P309202,Sports,Nike,73.16,106.46,6.7,S2458
P451411,Electronics,Sony,150.89,270.65,40.54,S780
P178969,Clothing,AmazonBasics,326.83,559.59,5.94,S10238
P749265,Toys,Samsung,309.4,462.77,6.0,S8069
P805124,Toys,Nike,249.94,406.58,19.86,S12202
P566678,Electronics,Sony,10.52,17.73,20.21,S340
P855159,Toys,Unknown,62.81,117.72,30.51,S4940
P202886,Clothing,Samsung,346.44,506.99,45.05,S15586
P487214,Sports,Unknown,311.2,537.61,1.69,S10581
P223004,Electronics,Sony,469.18,685.82,26.6,S9021
P560332,Clothing,IKEA,319.26,418.4,10.97,S2167
P240340,Books,Adidas,413.35,796.03,28.75,S10170
P264983,Toys,Samsung,476.49,739.03,32.01,S18811
P214409,Books,IKEA,334.56,556.57,27.1,S8229
P473742,Toys,Sony,268.65,451.65,49.81,S7312
P96498,Electronics,Unknown,206.46,295.06,N/A,S5007
P836040,Clothing,AmazonBasics,87.87,106.74,3.83,S4407
P344786,Home & Garden,Nike,184.55,316.31,39.18,S10351
P322183,Toys,<b>Unknown</b>,157.99,247.16,2.79,S1877
P112447,Home & Garden,Unknown,213.65,334.42,-,S1491
P208450,Electronics,Nike,120.02,186.12,20.07,S1137
P573820,Books,Samsung,127.22,238.05,45.61,S10621
P458171,Books,Adidas,34.17,42.97,0.65,S1326
P727208,Books,Nike,75.51,125.78,30.87,S7462
P232320,Books,Samsung,72.2,96.79,Unknown,S16151
P631539,Home & Garden,Unknown,289.82,518.41,12.06,S18282
P117875,Electronics,IKEA,286.29,457.18,N/A,S3277
P428390,Home & Garden,Unknown,465.44,779.29,4.0,S11638
P781749,Books,-,327.29,459.16,23.86,S1968
P537346,Books,Unknown,81.69,122.06,33.95,S6899
P996385,Home & Garden,Unknown,95.99,132.36,38.55,S2322
P570381,Electronics,Sony,346.28,489.21,41.41,S16672
P270217,Electronics,Sony,36.68,48.16,3.16,S3799
P655401,Books,Unknown,159.61,245.0,13.89,S7454
P477630,Books,Samsung,80.64,140.85,14.76,S11231
P285815,Sports,Samsung,349.69,442.58,N/A,S6742
P434750,Clothing,IKEA,376.01,626.33,37.08,S2872
P592346,Books,Unknown,329.75,448.82,19.72,S2279
P430540,Electronics,AmazonBasics,133.96,242.51,31.23,S19303
P553166,Toys,-📱💻,209.05,317.25,35.35,S4867
P340189,Books,Samsung,238.77,303.46,27.1,S761
P362637,Books,Samsung,278.7,503.99,6.45,S18558
P110315,Home & Garden,Unknown,422.07,816.77,0.42,S4375
P136553,Sports,Nike,72.86,142.51,4.43,S4053
P221291,Toys,Nike,378.07,542.16,48.27,S17385
P539268,Toys,Samsung,66.52,100.24,7.48,S18632
P243103,Home & Garden,Sony,307.18,450.64,49.93,S216
P720703,Toys,AmazonBasics,131.43,234.85,2.89,S12683
P163207,Home & Garden,Sony,70.91,128.47,19.2,S10495
P510380,Sports,Unknown,360.24,452.94,3.53,S1006
P64353,Electronics,IKEA,341.7,430.91,34.24,S18884
P972991,Toys,Nike,131.39,217.28,NULL,S4833
P589039,Electronics,Unknown,222.31,393.01,20.41,S17916
P149939,Clothing,Sony,280.72,464.16,19.2,S4473
P340054,Sports,AmazonBasics,198.87,366.17,16.78,S2654
P733891,Books,Nike,147.24,182.1,43.19,S3593
P934131,Toys,Samsung,255.17,453.2,22.79,S184
P27732,Books,Unknown,485.38,667.99,31.09,S5436
P634198,Books,Nike,386.62,532.87,15.31,S5206
P344863,Books,Samsung,356.55,627.46,45.74,S12955
P791623,Toys,Sony,182.18,350.4,44.74,S19196
P267071,Electronics,Samsung,364.69,574.53,19.56,S10623
P272373,Books,IKEA,81.11,99.42,32.12,S9201
P922722,Sports,IKEA,282.42,521.42,,S7532
P280943,Books,Sony,98.71,135.0,7.24,S12015
P853113,Sports,Unknown,287.06,519.88,41.94,S15686
P180996,Home & Garden,,86.91,142.83,38.07,S7979
P655768,Books,Samsung,22.51,43.06,3.7,S4483
P923472,Clothing,IKEA,255.25,449.07,20.31,S11431
P48517,Books,Unknown,447.07,692.42,17.61,S18948
P41212,Books,Unknown,31.55,62.24,46.12,S18988
P621287,Books,Samsung,110.96,169.71,28.66,S10167
P712308,Electronics,AmazonBasics,223.43,343.5,16.69,S401
P950377,Toys,Samsung,451.54,736.45,25.16,S11226
P966991,Toys,AmazonBasics,46.55,87.81,28.29,S3580
P68330,Home & Garden,IKEA,236.51,334.82,16.95,S629
P791902,Electronics,Sony,80.79,142.23,3.6,S2088
P844420,Books,Sony,228.88,286.39,3.87,S19100
P103610,Clothing,Samsung,243.49,308.13,12.58,S18625
P124256,Sports,NULL,412.16,562.95,0.69,S18024
P847410,Home & Garden,AmazonBasics,116.8,232.23,1.51,S12899
P422658,Electronics,Samsung,284.74,344.09,N/A,S1818
P260987,Electronics,IKEA,348.01,676.03,5.7,S3257
P985115,Sports,AmazonBasics,246.17,357.34,2.3,S5234
P888552,Clothing,Nike,314.59,477.74,13.72,S5411
P47053,Sports,Sony,224.07,397.38,34.21,S9313
P447666,Books,Unknown,408.66,684.05,14.39,S8546
P390469,Electronics,Nike,256.58,383.72,21.42,S17105
P836287,Sports,Unknown,351.03,461.27,37.35,S13006
P22153,Sports,Nike,36.16,71.55,45.81,S4294
P554668,Books,Nike,253.89,315.53,12.09,S7416
P294630,Toys,Unknown,465.96,597.7,3.91,S3561
P108805,Books,Sony,496.51,992.66,42.43,S18729
P277693,Home & Garden,Nike,340.56,497.63,7.76,S13250
P99332,Electronics,IKEA,288.31,461.99,13.14,S5495
P601828,Home & Garden,Unknown,172.25,298.87,17.24,S4416
P292944,Electronics,IKEA,332.22,452.13,41.63,S2631
P725321,Clothing,Unknown,141.31,280.91,9.01,S12097
P864672,Toys,AmazonBasics,405.24,573.33,11.13,S7338
P175677,Electronics,IKEA,One Hundred,654.48,6.0,S2559
P710779,Home & Garden,IKEA,454.83,836.98,35.96,S17237
P961680,Clothing,Nike,371.92,538.09,6.79,S3891
P821348,Books,Unknown,291.76,458.04,15.41,S17277
P789639,Clothing,Unknown,448.61,738.2,37.46,S6213
P420199,Sports,AmazonBasics,369.85,726.76,24.78,S5000
P171753,Toys,IKEA,220.3,343.26,20.22,S11939
P859290,Toys,Nike,472.1,617.27,22.77,S12453
P930656,Books,AmazonBasics,204.84,310.46,32.83,S3389
P344601,Clothing,Unknown,304.78,567.22,12.13,S3655
P339713,Clothing,Samsung,219.79,437.1,31.53,S6982
P105741,Sports,Unknown,438.32,585.13,43.94,S9646
P306033,Electronics,Nike,184.38,289.53,48.89,S14711
P554984,Books,Samsung,100.48,156.38,14.48,S4481
P439955,Home & Garden,Samsung,481.7,580.1,37.1,S5483
P166243,Toys,Nike,165.04,226.57,9.66,S15035
P927857,Books,Sony,288.2,561.89,22.78,S15298
P470558,Electronics,IKEA,62.29,108.51,23.38,S4741
P541783,Electronics,Unknown,452.56,588.0,31.19,S6598
P729839,Toys,Nike,240.87,318.24,26.53,S9910
P458683,Home & Garden,Sony,94.28,158.87,24.93,S6771
P806925,Clothing,Unknown,343.94,614.96,27.42,S2095
P829497,Books,Samsung,47.18,92.48,18.16,S17405
P60862,Books,Adidas,185.05,241.7,31.51,S9100
P161711,Toys,IKEA,91.86,150.79,24.61,S10717
P983296,Home & Garden,Samsung,190.74,254.44,20.77,S8976
P532990,Books,AmazonBasics,349.51,628.28,15.78,S12907
P129467,Sports,IKEA,146.61,229.06,31.2,S281
P385966,Clothing,Sony,498.49,904.58,10.73,S7563
P690581,Clothing,Nike,354.56,536.19,28.87,S5905
P576686,Home & Garden,IKEA,138.81,173.93,31.63,S18927
P725399,Electronics,Sony,112.76,207.18,49.26,S14989
P269564,Clothing,AmazonBasics,363.7,660.05,22.64,S7305
P883652,Toys,IKEA,217.85,427.11,3.85,S4415
P692204,Sports,Unknown,274.31,535.87,2.76,S4463
P282906,Clothing,Unknown,476.17,839.16,46.46,S1865
P850873,Electronics,Nike,410.07,666.32,20.32,S5555
P861484,Books,IKEA,248.87,355.55,11.0,S857
P378617,Toys,Unknown,160.0,196.32,36.2,S18125
P968254,Clothing,Unknown,199.93,301.72,36.21,S16739
P816986,Books,Adidas,273.24,384.23,9.84,S11519
P508949,Clothing,Adidas,265.69,404.05,14.08,S2724
P212841,Books,AmazonBasics,-265.63,350.11,49.99,S15849
P310653,Electronics,Adidas,346.23,563.36,16.05,S13145
P868089,Electronics,Samsung,268.91,434.56,11.43,S1958
P408506,Toys,Samsung,241.47,429.5,15.1,S9320
P297593,Sports,Sony,114.24,158.68,32.55,S6788
P680166,Toys,Unknown,441.88,651.17,45.37,S10615
P652244,Toys,Adidas,462.79,581.83,38.61,S19540
P751005,Toys,Nike,333.14,484.57,49.2,S18044
P603068,Toys,Adidas,355.96,464.66,17.46,S17476
P702272,Sports,AmazonBasics,476.17,878.19,10.33,S3346
P793316,Home & Garden,Unknown,181.52,220.54,5.71,S19339
P359678,Sports,Adidas,347.44,626.19,29.32,S5272
P491438,Electronics,AmazonBasics,9.01,14.83,15.74,S8901
P903768,Clothing,Unknown,492.45,807.52,16.57,S10586
P868444,Home & Garden,Adidas,251.94,425.79,33.09,S14252
P61965,Electronics,Samsung,119.56,232.98,24.65,S3077
P793570,Toys,IKEA,425.78,609.74,6.19,S15577
P3131,Sports,Unknown,346.57,497.48,24.89,S8787
P683237,Sports,Sony,332.32,569.22,44.16,S9804
P306002,Toys,Sony,458.23,596.59,2.68,S18882
P934140,Electronics,Sony,408.98,602.95,23.09,S19894
P202173,Sports,Unknown,124.72,228.29,24.73,S12553
P880772,Home & Garden,NULL,58.59,109.09,12.53,S13399
P733652,Toys,IKEA,199.55,389.54,29.57,S3420
P288515,Toys,IKEA,441.65,704.83,10.93,S11349
P68898,Books,AmazonBasics,131.97,199.42,36.52,S18497
P262057,Toys,NULL,197.1,306.67,14.36,S3074
P755204,Electronics,Adidas,447.35,643.5,8.23,S8817
P100595,Books,Nike,29.07,35.91,3.55,S4589
P862078,Books,Adidas,318.69,623.11,0.2,S5359
P831731,Clothing,IKEA,318.68,493.56,24.75,S3094
P366252,Clothing,Adidas,85.42,107.34,37.29,S18021
P123156,Toys,Samsung,458.91,579.19,,S15008
P941659,Books,Unknown,45.06,84.33,42.59,S9034
P7149,Books,Nike,427.24,705.09,2.98,S7618
P245781,Home & Garden,AmazonBasics,201.11,389.23,26.68,S6771
P254873,Clothing,Samsung,180.22,260.34,9.43,S17501
P912974,Electronics,IKEA,176.93,285.27,28.85,S200
P855048,Clothing,Unknown,432.71,852.75,22.88,S6976
P92418,Sports,Adidas,154.82,247.37,3.12,S19662
P890008,Home & Garden,Sony,249.7,476.74,32.26,S16467
P968111,Home & Garden,Unknown,400.65,494.89,20.06,S6252
P30701,Clothing,Nike,490.49,824.84,0.48,S17350
P798961,Toys,Nike,25.34,35.4,6.86,S18176
P19253,Home & Garden,AmazonBasics,374.19,726.6,-,S15953
P774411,Electronics,Unknown,360.86,484.51,43.99,S10040
P794070,Electronics,Nike,294.17,397.89,7.07,S15573
P563534,Clothing,IKEA,154.87,294.96,11.04,S14730
P619632,Home & Garden,Unknown,236.93,463.32,44.46,S5492
P891722,Toys,Adidas,260.77,422.44,34.74,S11936
P269586,Books,Nike,304.84,522.35,10.46,S10539
P817624,Books,N/A,242.36,310.05,32.48,S18068
P570140,Toys,Samsung,187.46,346.83,3.89,S13901
P530423,Sports,Nike,40.06,72.33,31.5,S17240
P969808,Electronics,<b>Nike</b>,280.06,362.92,44.84,S18389
P73929,Home & Garden,Sony,398.41,758.59,27.38,S15943
P456139,Home & Garden,Unknown,473.52,639.05,20.11,S4664
P912828,Electronics,-,112.73,180.03,24.43,S11112
P100200,Electronics,Unknown,298.74,N/A,22.03,S2614
P934840,Clothing,Sony,183.17,222.86,48.25,S4717
P518315,Clothing,-,222.98,272.75,16.13,S9156
P955343,Clothing,Unknown,340.55,491.58,39.14,S3761
P179787,Home & Garden,IKEA,209.47,352.75,48.87,S8229
P618276,Clothing,Adidas,231.9,449.98,26.44,S7448
P691624,Toys,Nike,317.0,430.77,27.17,S2100
P109321,Home & Garden,Samsung,332.14,476.51,27.19,S7146
P209434,Home & Garden,IKEA,190.72,311.83,34.34,S7329
P64541,Toys,Adidas,150.69,202.17,10.24,S10793
P874215,Sports,Sony,164.01,266.8,27.42,S1672
P210463,Books,Unknown,212.14,303.54,21.99,S11645
P313914,Home & Garden,Sony,365.26,555.3,24.73,S7585
P631735,Toys,AmazonBasics,294.04,361.78,20.51,S11948
P20742,Toys,NULL,74.57,90.44,8.3,S16955
P742545,Home & Garden,Samsung,346.73,615.22,4.78,S18415
P877918,Toys,Nike,62.72,81.19,46.3,S18344
P336798,Toys,Unknown,343.03,642.39,3.28,S11577
P315473,Home & Garden,Adidas,99.1,149.67,14.18,S2014
P517543,Home & Garden,Unknown,352.74,548.52,23.17,S12891
P893266,Clothing,Sony,442.4,737.52,16.51,S3537
P769616,Home & Garden,Unknown,373.62,613.8,7.57,S250
P577667,Toys,,122.24,224.53,21.68,S5860
P531302,Home & Garden,Adidas,166.02,205.99,7.88,S4002
P465677,Home & Garden,Unknown,86.74,160.77,38.82,S2811
P613180,Clothing,<b>AmazonBasics</b>,266.27,321.45,36.4,S9540
P174497,Home & Garden,Sony,394.3,514.13,1.33,S6493
P548519,Clothing,IKEA,12.84,19.63,12.09,S13779
P749329,Sports,Adidas,120.05,230.36,41.19,S11424
P739144,Electronics,Nike,125.26,244.59,20.59,S2306
P495440,Home & Garden,Nike,86.42,146.98,7.21,S12724
P864262,Home & Garden,Unknown,178.04,340.32,47.4,S2882
P530473,Electronics,Nike,13.83,19.05,20.15,S15857
P854284,Home & Garden,Adidas,469.67,794.75,44.46,S161
P359396,Toys,Samsung,496.82,625.17,19.82,S1855
P969783,Books,Sony,325.53,475.89,2.92,S8016
P809739,Home & Garden,Sony,177.17,280.94,2.13,S7791
P140212,Electronics,Adidas,449.17,552.4,11.19,S2473
P997892,Electronics,IKEA,322.67,432.64,42.38,S15695
P927332,Toys,IKEA,-139.12,271.61,25.32,S6747
P820862,Electronics,Samsung,110.17,147.43,21.19,S9923
P177565,Books,IKEA,301.05,508.93,11.69,S15893
P355752,Books,Unknown,30.96,37.33,44.23,S5876
P970120,Home & Garden,Nike,108.91,205.21,41.29,S3912
P807550,Home & Garden,Samsung,341.72,615.36,43.87,S519
P948933,Clothing,Sony,419.8,734.98,2.12,S13364
P878599,Books,Adidas,167.52,229.69,17.8,S5039
P202032,Toys,Adidas📱💻,191.77,323.19,1.17,S2888
P986042,Sports,Samsung,491.13,620.38,40.21,S14826
P714811,Toys,Adidas,69.5,118.97,15.6,S9912
P347937,Clothing,Unknown,97.9,194.96,11.38,S3685
P626539,Electronics,IKEA,202.28,268.36,21.84,S11335
P804147,Toys,Unknown,358.8,483.67,10.21,S12348
P965904,Toys,Nike,323.78,435.0,21.56,S19195
P35735,Home & Garden,Nike,200.13,262.81,39.01,S12914
P160415,Books,Nike,347.07,474.43,29.73,S13726
P388494,Electronics,Samsung,367.98,538.67,37.19,S14027
P518841,Toys,Sony,316.75,526.13,48.37,S967
P791145,Toys,Sony,431.17,861.56,38.72,S1047
P718986,Books,Adidas,107.58,207.45,22.42,S15981
P79519,Clothing,IKEA,473.27,721.6,NULL,S8094
P532948,Home & Garden,Samsung,475.89,678.81,7.28,S10075
P327771,Electronics,Unknown,238.92,406.56,32.57,S361
P621380,Electronics,AmazonBasics,208.94,288.22,22.85,S10296
P279002,Sports,AmazonBasics,189.57,280.0,33.36,S4006
P100277,Toys,Nike,145.88,225.4,13.89,S164
P222941,Home & Garden,Sony,394.42,575.61,9.96,S5943
P805656,Clothing,Unknown,461.99,795.33,21.21,S13076
P373230,Clothing,IKEA,270.48,438.33,42.0,S4965
P768036,Sports,Adidas,310.66,491.68,10.38,S11827
P625334,Sports,Unknown,335.65,641.85,30.34,S13869
P782459,Sports,Samsung,131.12,260.7,9.56,S8989
P452521,Sports,Sony,152.39,195.54,21.79,S13057
P697416,Books,AmazonBasics,203.8,345.26,27.66,S13916
P592325,Toys,Adidas,90.81,114.79,8.55,S11011
P815291,Sports,Samsung,217.0,423.59,28.66,S3366
P127983,Home & Garden,Unknown,55.61,106.92,3.54,S6106
P561122,Books,AmazonBasics,298.96,440.67,48.61,S1261
P502535,Sports,IKEA,81.91,161.87,47.14,S8958
P578837,Toys,Samsung,55.94,84.04,30.49,S4669
P360414,Electronics,IKEA,355.86,491.73,12.71,S5853
P827062,Home & Garden,Nike,341.65,435.82,7.75,S8503
P123326,Books,Nike,461.52,661.45,40.62,S1380
P897650,Toys,Unknown,373.86,675.87,26.53,S4651
P218680,Books,Adidas,243.21,329.2,43.68,S12545
P200475,Books,IKEA,164.73,216.69,Unknown,S2829
P192491,Toys,Unknown,392.19,569.5,40.14,S11442
P85402,Clothing,Samsung,476.45,841.76,Unknown,S540
P111852,Clothing,Unknown,118.19,208.61,6.79,S12925
P383291,Toys,AmazonBasics,130.11,219.04,7.61,S2927
P356119,Electronics,Adidas,49.92,60.52,19.64,S11420
P455725,Sports,AmazonBasics,276.22,387.02,49.87,S8406
P463410,Books,Adidas,90.96,155.38,18.33,S19320
P716389,Clothing,AmazonBasics,93.31,112.49,34.54,S8510
P903654,Clothing,Sony,75.69,131.02,8.42,S11546
P158451,Home & Garden,AmazonBasics,21.04,34.22,27.32,S12623
P168338,Electronics,AmazonBasics,369.85,628.32,38.0,S3252
P144712,Sports,IKEA,414.18,760.54,30.67,S13324
P94597,Books,Samsung,171.99,281.2,31.34,S9718
P231890,Home & Garden,AmazonBasics,475.14,760.23,16.0,S6351
P728716,Sports,IKEA,217.76,434.88,22.02,S4679
P139292,Home & Garden,Sony,228.58,392.49,10.24,S666
P860466,Electronics,<b>NULL</b>,270.12,483.96,6.97,S15405
P27106,Clothing,IKEA,64.39,113.02,5.92,S17807
P601638,Electronics,Unknown,260.74,370.48,13.89,S9445
P185885,Electronics,Sony,380.41,703.21,9.45,S3343
P700264,Electronics,Unknown,262.61,410.96,42.03,S16538
P676513,Clothing,Nike,154.68,248.81,30.74,S19346
P165780,Toys,Adidas,256.53,373.87,1.33,S13215
P946029,Books,Adidas,497.9,740.41,4.49,S3230
P966760,Toys,AmazonBasics,339.12,472.06,48.41,S10317
P755271,Toys,IKEA,424.27,535.86,13.0,S1004
P549405,Electronics,Sony,441.49,864.56,15.51,S16316
P254794,Home & Garden,Unknown,496.77,954.05,8.3,S1267
P154533,Home & Garden,Adidas,276.41,391.33,40.41,S324
P725655,Home & Garden,Nike,216.06,313.43,3.84,S644
P952682,Toys,Samsung,423.44,775.49,31.12,S17910
P636882,Electronics,Adidas,439.24,813.86,11.82,S7307
P66560,Sports,AmazonBasics,477.61,597.78,36.43,S7449
P376031,Sports,Unknown,354.04,555.95,21.65,S14636
P664699,Sports,AmazonBasics,138.09,256.24,41.05,S10776
P268914,Clothing,AmazonBasics,89.1,126.38,28.7,S2730
P505957,Electronics,Adidas📱💻,390.72,555.47,32.9,S12378
P506909,Sports,Unknown,35.52,69.8,24.69,S6425
P415463,Toys,N/A,11.79,20.53,30.24,S15683
P112913,Books,Sony,385.7,463.3,49.0,S13831
P631735,Toys,AmazonBasics,294.04,361.78,20.51,S11948
P859290,Toys,Nike,472.1,617.27,22.77,S12453
P272373,Books,IKEA,81.11,99.42,32.12,S9201
P308489,Toys,Samsung,268.47,397.54,41.43,S196
P421003,Toys,Samsung,257.31,387.89,1.62,S3597
P849887,Electronics,Sony,455.97,667.02,11.29,S6913
P631539,Home & Garden,Unknown,289.82,518.41,12.06,S18282
P59528,Electronics,IKEA,388.2,674.37,47.76,S2046
P834552,Sports,Nike,5.1,6.2,38.82,S16657
P390771,Toys,IKEA,41.16,57.49,49.27,S5702
P414209,Home & Garden,Samsung,319.88,505.18,45.37,S8459
P228161,Sports,Samsung,201.99,339.42,4.63,S3818
P708574,Home & Garden,IKEA,210.91,262.45,35.45,S12451
P755075,Sports,Adidas,456.97,885.19,43.32,S12602
P41212,Books,Unknown,31.55,62.24,46.12,S18988
P38865,Sports,AmazonBasics,124.24,178.79,16.09,S5519
P100277,Toys,Nike,145.88,225.4,13.89,S164
P650979,Home & Garden,Samsung,256.08,419.01,40.48,S19223
P451052,Toys,Samsung,60.23,87.81,6.58,S17020
P754812,Sports,Unknown,259.91,457.92,20.67,S7617
P61965,Electronics,Samsung,119.56,232.98,24.65,S3077
P243103,Home & Garden,Sony,307.18,450.64,49.93,S216
P807550,Home & Garden,Samsung,341.72,615.36,43.87,S519
P21997,Home & Garden,,338.08,490.34,28.64,S18123
